{   
    "Mainstem":{
        "num_branch":1,
        "internode_length":[
            0.002, 
            0.002, 
            0.002, 
            0.002, 
            0.002, 
            0.002, 
            0.010, 
            0.020, 
            0.040,
            0.020, 
            0.002, 
            0.002, 
            0.002, 
            0.002
        ],
        "internode_radius":[
            0.0008, 
            0.0008, 
            0.0008, 
            0.0008, 
            0.0008, 
            0.0008, 
            0.0008, 
            0.0008,
            0.0008,
            0.0008, 
            0.0008, 
            0.0008,
            0.0008,
            0.001
        ],
        "internode_angle": [  
            0.0,    
            0.0,
            0.0,   
            0.0,  
            10.0,  
            10.0,  
            10.0,  
            10.0,
            10.0,
            10.0,
            10.0,
            10.0,
            10.0,
            10.0
        ], 
        "leaf_length": [  
            0.04,
            0.04,
            0.04,
            0.04,
            0.04,   
            0.03,  
            0.02,  
            0.02
        ], 
        "leaf_width": [  
            0.02,    
            0.02,
            0.02,   
            0.02,   
            0.02,   
            0.01,  
            0.01,  
            0.01
        ], 
        "leaf_thickness": [  
            0.002,
            0.002,
            0.002,   
            0.002,   
            0.002,   
            0.002,  
            0.002,  
            0.002
        ], 

        "pod_length": [  
            0.02,   
            0.02,  
            0.02,  
            0.02,  
            0.02,  
            0.02,  
            0.02
        ], 
        "pod_radius": [  
            0.00080,
            0.00080,   
            0.00080,   
            0.00080,   
            0.00080,   
            0.00080,   
            0.00080,   
            0.00080
        ], 
        "pod_angle": [  
            20.0,   
            20.0,  
            20.0,  
            20.0,  
            20.0,  
            20.0,  
            20.0,  
            20.0
        ],
        "pod_stem_idx": [  
            6,
            7,
            8,   
            9,
            10,
            11,
            12,
            13
        ]
    },
    "Branch#1":{
        "From":6,
        "internode_length":[ 
            0.010,
            0.030, 
            0.030, 
            0.002, 
            0.002, 
            0.002
        ],
        "internode_radius":[
            0.0008,
            0.0008,
            0.0008, 
            0.0008,
            0.0008,
            0.0008
        ],
        "internode_angle": [  
            40.0,
            20.0,
            10.0,
            10.0,
            10.0,
            10.0
        ], 
        "leaf_length": [  
            0.02,  
            0.02
        ], 
        "leaf_width": [  
            0.01,  
            0.01
        ], 
        "leaf_thickness": [  
            0.002,  
            0.002
        ], 

        "pod_length": [  
            0.02,   
            0.02,  
            0.02,  
            0.02
        ], 
        "pod_radius": [  
            0.0008,   
            0.0008,   
            0.0008,   
            0.0008
        ], 
        "pod_angle": [  
            20.0,  
            20.0,  
            20.0,  
            20.0
        ],
        "pod_stem_idx": [  
            3,
            4,
            5,   
            6
        ]

    }
    
}